province,district,districtNp,code,name,nameNp,status,lastUpdated,votesCast,totalVoters
Koshi,Taplejung,ताप्लेजुङ,1-ताप्लेजुङ-1,Taplejung-1,ताप्लेजुङ क्षेत्र नं. 1,DECLARED,2026-06-30T21:28:05.771Z,42897,90308
Koshi,Panchthar,पाँचथर,1-पाँचथर-1,Panchthar-1,पाँचथर क्षेत्र नं. 1,DECLARED,2026-06-30T21:28:05.771Z,66921,143358
Koshi,Ilam,इलाम,1-इलाम-1,Ilam-1,इलाम क्षेत्र नं. 1,DECLARED,2026-06-30T21:28:05.771Z,59391,112296
Koshi,Ilam,इलाम,1-इलाम-2,Ilam-2,इलाम क्षेत्र नं. 2,DECLARED,2026-06-30T21:28:05.771Z,63781,119475
Koshi,Jhapa,झापा,1-झापा-1,Jhapa-1,झापा क्षेत्र नं. 1,DECLARED,2026-06-30T21:28:05.771Z,78291,130993
Koshi,Jhapa,झापा,1-झापा-2,Jhapa-2,झापा क्षेत्र नं. 2,DECLARED,2026-06-30T21:28:05.771Z,91323,147499
Koshi,Jhapa,झापा,1-झापा-3,Jhapa-3,झापा क्षेत्र नं. 3,DECLARED,2026-06-30T21:28:05.771Z,82506,140825
Koshi,Jhapa,झापा,1-झापा-4,Jhapa-4,झापा क्षेत्र नं. 4,DECLARED,2026-06-30T21:28:05.771Z,77054,130704
Koshi,Jhapa,झापा,1-झापा-5,Jhapa-5,झापा क्षेत्र नं. 5,DECLARED,2026-06-30T21:28:05.771Z,102338,163356
Koshi,Sankhuwasabha,संखुवासभा,1-संखुवासभा-1,Sankhuwasabha-1,संखुवासभा क्षेत्र नं. 1,DECLARED,2026-06-30T21:28:05.771Z,58888,119388
Koshi,Tehrathum,तेह्रथुम,1-तेह्रथुम-1,Tehrathum-1,तेह्रथुम क्षेत्र नं. 1,DECLARED,2026-06-30T21:28:05.771Z,36795,73093
Koshi,Bhojpur,भोजपुर,1-भोजपुर-1,Bhojpur-1,भोजपुर क्षेत्र नं. 1,DECLARED,2026-06-30T21:28:05.771Z,53728,125710
Koshi,Dhankuta,धनकुटा,1-धनकुटा-1,Dhankuta-1,धनकुटा क्षेत्र नं. 1,DECLARED,2026-06-30T21:28:05.771Z,59208,118339
Koshi,Morang,मोरङ,1-मोरङ-1,Morang-1,मोरङ क्षेत्र नं. 1,DECLARED,2026-06-30T21:28:05.771Z,71962,128276
Koshi,Morang,मोरङ,1-मोरङ-2,Morang-2,मोरङ क्षेत्र नं. 2,DECLARED,2026-06-30T21:28:05.771Z,74603,129145
Koshi,Morang,मोरङ,1-मोरङ-3,Morang-3,मोरङ क्षेत्र नं. 3,DECLARED,2026-06-30T21:28:05.771Z,89456,158021
Koshi,Morang,मोरङ,1-मोरङ-4,Morang-4,मोरङ क्षेत्र नं. 4,DECLARED,2026-06-30T21:28:05.771Z,74529,119173
Koshi,Morang,मोरङ,1-मोरङ-5,Morang-5,मोरङ क्षेत्र नं. 5,DECLARED,2026-06-30T21:28:05.771Z,70560,110157
Koshi,Morang,मोरङ,1-मोरङ-6,Morang-6,मोरङ क्षेत्र नं. 6,DECLARED,2026-06-30T21:28:05.771Z,85455,137783
Koshi,Sunsari,सुनसरी,1-सुनसरी-1,Sunsari-1,सुनसरी क्षेत्र नं. 1,DECLARED,2026-06-30T21:28:05.771Z,82982,150376
Koshi,Sunsari,सुनसरी,1-सुनसरी-2,Sunsari-2,सुनसरी क्षेत्र नं. 2,DECLARED,2026-06-30T21:28:05.771Z,95441,158886
Koshi,Sunsari,सुनसरी,1-सुनसरी-3,Sunsari-3,सुनसरी क्षेत्र नं. 3,DECLARED,2026-06-30T21:28:05.771Z,89389,134275
Koshi,Sunsari,सुनसरी,1-सुनसरी-4,Sunsari-4,सुनसरी क्षेत्र नं. 4,DECLARED,2026-06-30T21:28:05.771Z,78463,137322
Koshi,Solukhumbu,सोलुखुम्बु,1-सोलुखुम्बु-1,Solukhumbu-1,सोलुखुम्बु क्षेत्र नं. 1,DECLARED,2026-06-30T21:28:05.771Z,38566,85429
Koshi,Khotang,खोटाङ,1-खोटाङ-1,Khotang-1,खोटाङ क्षेत्र नं. 1,DECLARED,2026-06-30T21:28:05.771Z,58638,146712
Koshi,Okhaldhunga,ओखलढुंगा,1-ओखलढुंगा-1,Okhaldhunga-1,ओखलढुंगा क्षेत्र नं. 1,DECLARED,2026-06-30T21:28:05.771Z,55535,122659
Koshi,Udayapur,उदयपुर,1-उदयपुर-1,Udayapur-1,उदयपुर क्षेत्र नं. 1,DECLARED,2026-06-30T21:28:05.771Z,73916,142759
Koshi,Udayapur,उदयपुर,1-उदयपुर-2,Udayapur-2,उदयपुर क्षेत्र नं. 2,DECLARED,2026-06-30T21:28:05.771Z,40756,96077
Madhesh,Saptari,सप्तरी,2-सप्तरी-1,Saptari-1,सप्तरी क्षेत्र नं. 1,DECLARED,2026-06-30T21:28:05.771Z,71324,119031
Madhesh,Saptari,सप्तरी,2-सप्तरी-2,Saptari-2,सप्तरी क्षेत्र नं. 2,DECLARED,2026-06-30T21:28:05.771Z,62783,105909
Madhesh,Saptari,सप्तरी,2-सप्तरी-3,Saptari-3,सप्तरी क्षेत्र नं. 3,DECLARED,2026-06-30T21:28:05.771Z,69296,111853
Madhesh,Saptari,सप्तरी,2-सप्तरी-4,Saptari-4,सप्तरी क्षेत्र नं. 4,DECLARED,2026-06-30T21:28:05.771Z,66303,109543
Madhesh,Siraha,सिराहा,2-सिराहा-1,Siraha-1,सिराहा क्षेत्र नं. 1,DECLARED,2026-06-30T21:28:05.771Z,67352,104320
Madhesh,Siraha,सिराहा,2-सिराहा-2,Siraha-2,सिराहा क्षेत्र नं. 2,DECLARED,2026-06-30T21:28:05.771Z,69643,105871
Madhesh,Siraha,सिराहा,2-सिराहा-3,Siraha-3,सिराहा क्षेत्र नं. 3,DECLARED,2026-06-30T21:28:05.771Z,70638,111487
Madhesh,Siraha,सिराहा,2-सिराहा-4,Siraha-4,सिराहा क्षेत्र नं. 4,DECLARED,2026-06-30T21:28:05.771Z,63165,106047
Bagmati,Dolakha,दोलखा,3-दोलखा-1,Dolakha-1,दोलखा क्षेत्र नं. 1,DECLARED,2026-06-30T21:28:05.771Z,79815,170303
Bagmati,Ramechhap,रामेछाप,3-रामेछाप-1,Ramechhap-1,रामेछाप क्षेत्र नं. 1,DECLARED,2026-06-30T21:28:05.771Z,81994,187939
Bagmati,Sindhuli,सिन्धुली,3-सिन्धुली-1,Sindhuli-1,सिन्धुली क्षेत्र नं. 1,DECLARED,2026-06-30T21:28:05.771Z,57280,110381
Bagmati,Sindhuli,सिन्धुली,3-सिन्धुली-2,Sindhuli-2,सिन्धुली क्षेत्र नं. 2,DECLARED,2026-06-30T21:28:05.771Z,53661,104610
Madhesh,Dhanusha,धनुषा,2-धनुषा-1,Dhanusha-1,धनुषा क्षेत्र नं. 1,DECLARED,2026-06-30T21:28:05.771Z,71191,126003
Madhesh,Dhanusha,धनुषा,2-धनुषा-2,Dhanusha-2,धनुषा क्षेत्र नं. 2,DECLARED,2026-06-30T21:28:05.771Z,78037,134755
Madhesh,Dhanusha,धनुषा,2-धनुषा-3,Dhanusha-3,धनुषा क्षेत्र नं. 3,DECLARED,2026-06-30T21:28:05.771Z,74377,125874
Madhesh,Dhanusha,धनुषा,2-धनुषा-4,Dhanusha-4,धनुषा क्षेत्र नं. 4,DECLARED,2026-06-30T21:28:05.771Z,79156,127755
Madhesh,Mahottari,महोत्तरी,2-महोत्तरी-1,Mahottari-1,महोत्तरी क्षेत्र नं. 1,DECLARED,2026-06-30T21:28:05.771Z,63243,105456
Madhesh,Mahottari,महोत्तरी,2-महोत्तरी-2,Mahottari-2,महोत्तरी क्षेत्र नं. 2,DECLARED,2026-06-30T21:28:05.771Z,59147,107411
Madhesh,Mahottari,महोत्तरी,2-महोत्तरी-3,Mahottari-3,महोत्तरी क्षेत्र नं. 3,DECLARED,2026-06-30T21:28:05.771Z,59478,110247
Madhesh,Mahottari,महोत्तरी,2-महोत्तरी-4,Mahottari-4,महोत्तरी क्षेत्र नं. 4,DECLARED,2026-06-30T21:28:05.771Z,59543,107494
Madhesh,Sarlahi,सर्लाही,2-सर्लाही-1,Sarlahi-1,सर्लाही क्षेत्र नं. 1,DECLARED,2026-06-30T21:28:05.771Z,73842,121160
Madhesh,Sarlahi,सर्लाही,2-सर्लाही-2,Sarlahi-2,सर्लाही क्षेत्र नं. 2,DECLARED,2026-06-30T21:28:05.771Z,72381,123043
Madhesh,Sarlahi,सर्लाही,2-सर्लाही-3,Sarlahi-3,सर्लाही क्षेत्र नं. 3,DECLARED,2026-06-30T21:28:05.771Z,77838,132305
Madhesh,Sarlahi,सर्लाही,2-सर्लाही-4,Sarlahi-4,सर्लाही क्षेत्र नं. 4,DECLARED,2026-06-30T21:28:05.771Z,73350,120912
Bagmati,Rasuwa,रसुवा,3-रसुवा-1,Rasuwa-1,रसुवा क्षेत्र नं. 1,DECLARED,2026-06-30T21:28:05.771Z,23941,41471
Bagmati,Dhading,धादिङ,3-धादिङ-1,Dhading-1,धादिङ क्षेत्र नं. 1,DECLARED,2026-06-30T21:28:05.771Z,80841,136596
Bagmati,Dhading,धादिङ,3-धादिङ-2,Dhading-2,धादिङ क्षेत्र नं. 2,DECLARED,2026-06-30T21:28:05.771Z,69751,132535
Bagmati,Nuwakot,नुवाकोट,3-नुवाकोट-1,Nuwakot-1,नुवाकोट क्षेत्र नं. 1,DECLARED,2026-06-30T21:28:05.771Z,67280,123807
Bagmati,Nuwakot,नुवाकोट,3-नुवाकोट-2,Nuwakot-2,नुवाकोट क्षेत्र नं. 2,DECLARED,2026-06-30T21:28:05.771Z,67090,123480
Bagmati,Kathmandu,काठमाडौं,3-काठमाडौं-1,Kathmandu-1,काठमाडौं क्षेत्र नं. 1,DECLARED,2026-06-30T21:28:05.771Z,29082,46363
Bagmati,Kathmandu,काठमाडौं,3-काठमाडौं-2,Kathmandu-2,काठमाडौं क्षेत्र नं. 2,DECLARED,2026-06-30T21:28:05.771Z,57015,85574
Bagmati,Kathmandu,काठमाडौं,3-काठमाडौं-3,Kathmandu-3,काठमाडौं क्षेत्र नं. 3,DECLARED,2026-06-30T21:28:05.771Z,41919,64440
Bagmati,Kathmandu,काठमाडौं,3-काठमाडौं-4,Kathmandu-4,काठमाडौं क्षेत्र नं. 4,DECLARED,2026-06-30T21:28:05.771Z,48689,74150
Bagmati,Kathmandu,काठमाडौं,3-काठमाडौं-5,Kathmandu-5,काठमाडौं क्षेत्र नं. 5,DECLARED,2026-06-30T21:28:05.771Z,50203,75222
Bagmati,Kathmandu,काठमाडौं,3-काठमाडौं-6,Kathmandu-6,काठमाडौं क्षेत्र नं. 6,DECLARED,2026-06-30T21:28:05.771Z,43355,67735
Bagmati,Kathmandu,काठमाडौं,3-काठमाडौं-7,Kathmandu-7,काठमाडौं क्षेत्र नं. 7,DECLARED,2026-06-30T21:28:05.771Z,42696,66753
Bagmati,Kathmandu,काठमाडौं,3-काठमाडौं-8,Kathmandu-8,काठमाडौं क्षेत्र नं. 8,DECLARED,2026-06-30T21:28:05.771Z,36413,56428
Bagmati,Kathmandu,काठमाडौं,3-काठमाडौं-9,Kathmandu-9,काठमाडौं क्षेत्र नं. 9,DECLARED,2026-06-30T21:28:05.771Z,50670,77745
Bagmati,Kathmandu,काठमाडौं,3-काठमाडौं-10,Kathmandu-10,काठमाडौं क्षेत्र नं. 10,DECLARED,2026-06-30T21:28:05.771Z,58058,81893
Bagmati,Bhaktapur,भक्तपुर,3-भक्तपुर-1,Bhaktapur-1,भक्तपुर क्षेत्र नं. 1,DECLARED,2026-06-30T21:28:05.771Z,74967,107050
Bagmati,Bhaktapur,भक्तपुर,3-भक्तपुर-2,Bhaktapur-2,भक्तपुर क्षेत्र नं. 2,DECLARED,2026-06-30T21:28:05.771Z,69772,98348
Bagmati,Lalitpur,ललितपुर,3-ललितपुर-1,Lalitpur-1,ललितपुर क्षेत्र नं. 1,DECLARED,2026-06-30T21:28:05.771Z,49596,85726
Bagmati,Lalitpur,ललितपुर,3-ललितपुर-2,Lalitpur-2,ललितपुर क्षेत्र नं. 2,DECLARED,2026-06-30T21:28:05.771Z,61313,89078
Bagmati,Lalitpur,ललितपुर,3-ललितपुर-3,Lalitpur-3,ललितपुर क्षेत्र नं. 3,DECLARED,2026-06-30T21:28:05.771Z,67018,94347
Bagmati,Kavrepalanchok,काभ्रेपलाञ्चोक,3-काभ्रेपलाञ्चोक-1,Kavrepalanchok-1,काभ्रेपलाञ्चोक क्षेत्र नं. 1,DECLARED,2026-06-30T21:28:05.771Z,86124,161065
Bagmati,Kavrepalanchok,काभ्रेपलाञ्चोक,3-काभ्रेपलाञ्चोक-2,Kavrepalanchok-2,काभ्रेपलाञ्चोक क्षेत्र नं. 2,DECLARED,2026-06-30T21:28:05.771Z,99580,165485
Bagmati,Sindhupalchok,सिन्धुपाल्चोक,3-सिन्धुपाल्चोक-1,Sindhupalchok-1,सिन्धुपाल्चोक क्षेत्र नं. 1,DECLARED,2026-06-30T21:28:05.771Z,69088,139930
Bagmati,Sindhupalchok,सिन्धुपाल्चोक,3-सिन्धुपाल्चोक-2,Sindhupalchok-2,सिन्धुपाल्चोक क्षेत्र नं. 2,DECLARED,2026-06-30T21:28:05.771Z,74385,137958
Bagmati,Makwanpur,मकवानपुर,3-मकवानपुर-1,Makwanpur-1,मकवानपुर क्षेत्र नं. 1,DECLARED,2026-06-30T21:28:05.771Z,90725,158423
Bagmati,Makwanpur,मकवानपुर,3-मकवानपुर-2,Makwanpur-2,मकवानपुर क्षेत्र नं. 2,DECLARED,2026-06-30T21:28:05.771Z,85619,156778
Madhesh,Rautahat,रौतहट,2-रौतहट-1,Rautahat-1,रौतहट क्षेत्र नं. 1,DECLARED,2026-06-30T21:28:05.771Z,66053,108712
Madhesh,Rautahat,रौतहट,2-रौतहट-2,Rautahat-2,रौतहट क्षेत्र नं. 2,DECLARED,2026-06-30T21:28:05.771Z,66144,108862
Madhesh,Rautahat,रौतहट,2-रौतहट-3,Rautahat-3,रौतहट क्षेत्र नं. 3,DECLARED,2026-06-30T21:28:05.771Z,67671,108692
Madhesh,Rautahat,रौतहट,2-रौतहट-4,Rautahat-4,रौतहट क्षेत्र नं. 4,DECLARED,2026-06-30T21:28:05.771Z,69668,110307
Madhesh,Bara,बारा,2-बारा-1,Bara-1,बारा क्षेत्र नं. 1,DECLARED,2026-06-30T21:28:05.771Z,75285,123964
Madhesh,Bara,बारा,2-बारा-2,Bara-2,बारा क्षेत्र नं. 2,DECLARED,2026-06-30T21:28:05.771Z,72761,113833
Madhesh,Bara,बारा,2-बारा-3,Bara-3,बारा क्षेत्र नं. 3,DECLARED,2026-06-30T21:28:05.771Z,71205,113510
Madhesh,Bara,बारा,2-बारा-4,Bara-4,बारा क्षेत्र नं. 4,DECLARED,2026-06-30T21:28:05.771Z,74637,114431
Madhesh,Parsa,पर्सा,2-पर्सा-1,Parsa-1,पर्सा क्षेत्र नं. 1,DECLARED,2026-06-30T21:28:05.771Z,57225,89608
Madhesh,Parsa,पर्सा,2-पर्सा-2,Parsa-2,पर्सा क्षेत्र नं. 2,DECLARED,2026-06-30T21:28:05.771Z,61310,95112
Madhesh,Parsa,पर्सा,2-पर्सा-3,Parsa-3,पर्सा क्षेत्र नं. 3,DECLARED,2026-06-30T21:28:05.771Z,62383,96529
Madhesh,Parsa,पर्सा,2-पर्सा-4,Parsa-4,पर्सा क्षेत्र नं. 4,DECLARED,2026-06-30T21:28:05.771Z,61848,95197
Bagmati,Chitwan,चितवन,3-चितवन-1,Chitwan-1,चितवन क्षेत्र नं. 1,DECLARED,2026-06-30T21:28:05.771Z,91899,149616
Bagmati,Chitwan,चितवन,3-चितवन-2,Chitwan-2,चितवन क्षेत्र नं. 2,DECLARED,2026-06-30T21:28:05.771Z,84232,137150
Bagmati,Chitwan,चितवन,3-चितवन-3,Chitwan-3,चितवन क्षेत्र नं. 3,DECLARED,2026-06-30T21:28:05.771Z,96658,155289
Gandaki,Gorkha,गोरखा,4-गोरखा-1,Gorkha-1,गोरखा क्षेत्र नं. 1,DECLARED,2026-06-30T21:28:05.771Z,61390,120507
Gandaki,Gorkha,गोरखा,4-गोरखा-2,Gorkha-2,गोरखा क्षेत्र नं. 2,DECLARED,2026-06-30T21:28:05.771Z,54147,108506
Gandaki,Manang,मनाङ,4-मनाङ-1,Manang-1,मनाङ क्षेत्र नं. 1,DECLARED,2026-06-30T21:28:05.771Z,2878,7000
Gandaki,Lamjung,लमजुङ,4-लमजुङ-1,Lamjung-1,लमजुङ क्षेत्र नं. 1,DECLARED,2026-06-30T21:28:05.771Z,73010,137122
Gandaki,Kaski,कास्की,4-कास्की-1,Kaski-1,कास्की क्षेत्र नं. 1,DECLARED,2026-06-30T21:28:05.771Z,67410,116871
Gandaki,Kaski,कास्की,4-कास्की-2,Kaski-2,कास्की क्षेत्र नं. 2,DECLARED,2026-06-30T21:28:05.771Z,50675,84133
Gandaki,Kaski,कास्की,4-कास्की-3,Kaski-3,कास्की क्षेत्र नं. 3,DECLARED,2026-06-30T21:28:05.771Z,62649,107552
Gandaki,Tanahun,तनहुँ,4-तनहुँ-1,Tanahun-1,तनहुँ क्षेत्र नं. 1,DECLARED,2026-06-30T21:28:05.771Z,65419,126855
Gandaki,Tanahun,तनहुँ,4-तनहुँ-2,Tanahun-2,तनहुँ क्षेत्र नं. 2,DECLARED,2026-06-30T21:28:05.771Z,62579,127491
Gandaki,Syangja,स्याङजा,4-स्याङजा-1,Syangja-1,स्याङजा क्षेत्र नं. 1,DECLARED,2026-06-30T21:28:05.771Z,68036,130874
Gandaki,Syangja,स्याङजा,4-स्याङजा-2,Syangja-2,स्याङजा क्षेत्र नं. 2,DECLARED,2026-06-30T21:28:05.771Z,62266,117917
Lumbini,Gulmi,गुल्मी,5-गुल्मी-1,Gulmi-1,गुल्मी क्षेत्र नं. 1,DECLARED,2026-06-30T21:28:05.771Z,62880,122152
Lumbini,Gulmi,गुल्मी,5-गुल्मी-2,Gulmi-2,गुल्मी क्षेत्र नं. 2,DECLARED,2026-06-30T21:28:05.771Z,51944,107332
Lumbini,Palpa,पाल्पा,5-पाल्पा-1,Palpa-1,पाल्पा क्षेत्र नं. 1,DECLARED,2026-06-30T21:28:05.771Z,51824,98355
Lumbini,Palpa,पाल्पा,5-पाल्पा-2,Palpa-2,पाल्पा क्षेत्र नं. 2,DECLARED,2026-06-30T21:28:05.771Z,58140,109033
Lumbini,Arghakhanchi,अर्घाखाँची,5-अर्घाखाँची-1,Arghakhanchi-1,अर्घाखाँची क्षेत्र नं. 1,DECLARED,2026-06-30T21:28:05.771Z,83306,171643
Gandaki,Nawalpur,नवलपरासी (बर्दघाट सुस्ता पूर्व),4-नवलपरासी (बर्दघाट सुस्ता पूर्व)-1,Nawalpur-1,नवलपरासी (बर्दघाट सुस्ता पूर्व) क्षेत्र नं. 1,DECLARED,2026-06-30T21:28:05.771Z,81558,137034
Gandaki,Nawalpur,नवलपरासी (बर्दघाट सुस्ता पूर्व),4-नवलपरासी (बर्दघाट सुस्ता पूर्व)-2,Nawalpur-2,नवलपरासी (बर्दघाट सुस्ता पूर्व) क्षेत्र नं. 2,DECLARED,2026-06-30T21:28:05.771Z,76230,131364
Lumbini,Rupandehi,रूपन्देही,5-रूपन्देही-1,Rupandehi-1,रूपन्देही क्षेत्र नं. 1,DECLARED,2026-06-30T21:28:05.771Z,92000,146805
Lumbini,Rupandehi,रूपन्देही,5-रूपन्देही-2,Rupandehi-2,रूपन्देही क्षेत्र नं. 2,DECLARED,2026-06-30T21:28:05.771Z,84013,135042
Lumbini,Rupandehi,रूपन्देही,5-रूपन्देही-3,Rupandehi-3,रूपन्देही क्षेत्र नं. 3,DECLARED,2026-06-30T21:28:05.771Z,89414,140027
Lumbini,Rupandehi,रूपन्देही,5-रूपन्देही-4,Rupandehi-4,रूपन्देही क्षेत्र नं. 4,DECLARED,2026-06-30T21:28:05.771Z,72038,116168
Lumbini,Rupandehi,रूपन्देही,5-रूपन्देही-5,Rupandehi-5,रूपन्देही क्षेत्र नं. 5,DECLARED,2026-06-30T21:28:05.771Z,78825,134426
Lumbini,Kapilvastu,कपिलबस्तु,5-कपिलबस्तु-1,Kapilvastu-1,कपिलबस्तु क्षेत्र नं. 1,DECLARED,2026-06-30T21:28:05.771Z,85161,147649
Lumbini,Kapilvastu,कपिलबस्तु,5-कपिलबस्तु-2,Kapilvastu-2,कपिलबस्तु क्षेत्र नं. 2,DECLARED,2026-06-30T21:28:05.771Z,80075,130184
Lumbini,Kapilvastu,कपिलबस्तु,5-कपिलबस्तु-3,Kapilvastu-3,कपिलबस्तु क्षेत्र नं. 3,DECLARED,2026-06-30T21:28:05.771Z,69184,118385
Gandaki,Mustang,मुस्ताङ,4-मुस्ताङ-1,Mustang-1,मुस्ताङ क्षेत्र नं. 1,DECLARED,2026-06-30T21:28:05.771Z,6281,11325
Gandaki,Myagdi,म्याग्दी,4-म्याग्दी-1,Myagdi-1,म्याग्दी क्षेत्र नं. 1,COUNTING,2026-06-30T21:28:05.771Z,43160,86394
Gandaki,Baglung,बाग्लुङ,4-बाग्लुङ-1,Baglung-1,बाग्लुङ क्षेत्र नं. 1,DECLARED,2026-06-30T21:28:05.771Z,47061,98031
Gandaki,Baglung,बाग्लुङ,4-बाग्लुङ-2,Baglung-2,बाग्लुङ क्षेत्र नं. 2,DECLARED,2026-06-30T21:28:05.771Z,44626,95312
Gandaki,Parbat,पर्वत,4-पर्वत-1,Parbat-1,पर्वत क्षेत्र नं. 1,DECLARED,2026-06-30T21:28:05.771Z,63203,125457
Lumbini,Rukum East,रुकुम (पूर्वी भाग),5-रुकुम (पूर्वी भाग)-1,Rukum East-1,रुकुम (पूर्वी भाग) क्षेत्र नं. 1,DECLARED,2026-06-30T21:28:05.771Z,18246,106650
Lumbini,Rolpa,रोल्पा,5-रोल्पा-1,Rolpa-1,रोल्पा क्षेत्र नं. 1,DECLARED,2026-06-30T21:28:05.771Z,65632,149596
Lumbini,Pyuthan,प्यूठान,5-प्यूठान-1,Pyuthan-1,प्यूठान क्षेत्र नं. 1,DECLARED,2026-06-30T21:28:05.771Z,81146,165395
Karnali,Salyan,सल्यान,6-सल्यान-1,Salyan-1,सल्यान क्षेत्र नं. 1,DECLARED,2026-06-30T21:28:05.771Z,79709,162444
Lumbini,Dang,दाङ,5-दाङ-1,Dang-1,दाङ क्षेत्र नं. 1,DECLARED,2026-06-30T21:28:05.771Z,76389,139981
Lumbini,Dang,दाङ,5-दाङ-2,Dang-2,दाङ क्षेत्र नं. 2,DECLARED,2026-06-30T21:28:05.771Z,79440,140938
Lumbini,Dang,दाङ,5-दाङ-3,Dang-3,दाङ क्षेत्र नं. 3,DECLARED,2026-06-30T21:28:05.771Z,84841,150708
Karnali,Dolpa,डोल्पा,6-डोल्पा-1,Dolpa-1,डोल्पा क्षेत्र नं. 1,DECLARED,2026-06-30T21:28:05.771Z,15506,24115
Karnali,Mugu,मुगु,6-मुगु-1,Mugu-1,मुगु क्षेत्र नं. 1,DECLARED,2026-06-30T21:28:05.771Z,21225,36029
Karnali,Jumla,जुम्ला,6-जुम्ला-1,Jumla-1,जुम्ला क्षेत्र नं. 1,DECLARED,2026-06-30T21:28:05.771Z,39173,71631
Karnali,Kalikot,कालिकोट,6-कालिकोट-1,Kalikot-1,कालिकोट क्षेत्र नं. 1,DECLARED,2026-06-30T21:28:05.771Z,39377,84634
Karnali,Humla,हुम्ला,6-हुम्ला-1,Humla-1,हुम्ला क्षेत्र नं. 1,DECLARED,2026-06-30T21:28:05.771Z,21935,34372
Karnali,Jajarkot,जाजरकोट,6-जाजरकोट-1,Jajarkot-1,जाजरकोट क्षेत्र नं. 1,DECLARED,2026-06-30T21:28:05.771Z,57668,107074
Karnali,Dailekh,दैलेख,6-दैलेख-1,Dailekh-1,दैलेख क्षेत्र नं. 1,DECLARED,2026-06-30T21:28:05.771Z,37846,79692
Karnali,Dailekh,दैलेख,6-दैलेख-2,Dailekh-2,दैलेख क्षेत्र नं. 2,DECLARED,2026-06-30T21:28:05.771Z,36513,81495
Karnali,Surkhet,सुर्खेत,6-सुर्खेत-1,Surkhet-1,सुर्खेत क्षेत्र नं. 1,DECLARED,2026-06-30T21:28:05.771Z,66227,122892
Karnali,Surkhet,सुर्खेत,6-सुर्खेत-2,Surkhet-2,सुर्खेत क्षेत्र नं. 2,DECLARED,2026-06-30T21:28:05.771Z,68766,126032
Lumbini,Banke,बाँके,5-बाँके-1,Banke-1,बाँके क्षेत्र नं. 1,DECLARED,2026-06-30T21:28:05.771Z,70907,124718
Lumbini,Banke,बाँके,5-बाँके-2,Banke-2,बाँके क्षेत्र नं. 2,DECLARED,2026-06-30T21:28:05.771Z,66701,108286
Lumbini,Banke,बाँके,5-बाँके-3,Banke-3,बाँके क्षेत्र नं. 3,DECLARED,2026-06-30T21:28:05.771Z,70259,117350
Lumbini,Bardiya,बर्दिया,5-बर्दिया-1,Bardiya-1,बर्दिया क्षेत्र नं. 1,DECLARED,2026-06-30T21:28:05.771Z,96609,168008
Lumbini,Bardiya,बर्दिया,5-बर्दिया-2,Bardiya-2,बर्दिया क्षेत्र नं. 2,DECLARED,2026-06-30T21:28:05.771Z,88130,155199
Sudurpashchim,Bajura,बाजुरा,7-बाजुरा-1,Bajura-1,बाजुरा क्षेत्र नं. 1,DECLARED,2026-06-30T21:28:05.771Z,43896,87861
Sudurpashchim,Achham,अछाम,7-अछाम-1,Achham-1,अछाम क्षेत्र नं. 1,DECLARED,2026-06-30T21:28:05.771Z,30348,82498
Sudurpashchim,Achham,अछाम,7-अछाम-2,Achham-2,अछाम क्षेत्र नं. 2,DECLARED,2026-06-30T21:28:05.771Z,30569,82787
Sudurpashchim,Bajhang,बझाङ,7-बझाङ-1,Bajhang-1,बझाङ क्षेत्र नं. 1,DECLARED,2026-06-30T21:28:05.771Z,54833,126903
Sudurpashchim,Doti,डोटी,7-डोटी-1,Doti-1,डोटी क्षेत्र नं. 1,DECLARED,2026-06-30T21:28:05.771Z,49168,128399
Sudurpashchim,Kailali,कैलाली,7-कैलाली-1,Kailali-1,कैलाली क्षेत्र नं. 1,DECLARED,2026-06-30T21:28:05.771Z,54219,108489
Sudurpashchim,Kailali,कैलाली,7-कैलाली-2,Kailali-2,कैलाली क्षेत्र नं. 2,DECLARED,2026-06-30T21:28:05.771Z,52637,107757
Sudurpashchim,Kailali,कैलाली,7-कैलाली-3,Kailali-3,कैलाली क्षेत्र नं. 3,DECLARED,2026-06-30T21:28:05.771Z,56443,109120
Sudurpashchim,Kailali,कैलाली,7-कैलाली-4,Kailali-4,कैलाली क्षेत्र नं. 4,DECLARED,2026-06-30T21:28:05.771Z,58283,106600
Sudurpashchim,Kailali,कैलाली,7-कैलाली-5,Kailali-5,कैलाली क्षेत्र नं. 5,DECLARED,2026-06-30T21:28:05.771Z,62147,110538
Sudurpashchim,Darchula,दार्चुला,7-दार्चुला-1,Darchula-1,दार्चुला क्षेत्र नं. 1,DECLARED,2026-06-30T21:28:05.771Z,47890,92946
Sudurpashchim,Baitadi,बैतडी,7-बैतडी-1,Baitadi-1,बैतडी क्षेत्र नं. 1,DECLARED,2026-06-30T21:28:05.771Z,67730,156370
Sudurpashchim,Dadeldhura,डडेलधुरा,7-डडेलधुरा-1,Dadeldhura-1,डडेलधुरा क्षेत्र नं. 1,DECLARED,2026-06-30T21:28:05.771Z,43067,93399
Sudurpashchim,Kanchanpur,कञ्चनपुर,7-कञ्चनपुर-1,Kanchanpur-1,कञ्चनपुर क्षेत्र नं. 1,DECLARED,2026-06-30T21:28:05.771Z,57051,101724
Sudurpashchim,Kanchanpur,कञ्चनपुर,7-कञ्चनपुर-2,Kanchanpur-2,कञ्चनपुर क्षेत्र नं. 2,DECLARED,2026-06-30T21:28:05.771Z,61117,109572
Sudurpashchim,Kanchanpur,कञ्चनपुर,7-कञ्चनपुर-3,Kanchanpur-3,कञ्चनपुर क्षेत्र नं. 3,DECLARED,2026-06-30T21:28:05.771Z,53546,103087
Lumbini,Parasi,नवलपरासी (बर्दघाट सुस्ता पश्चिम),5-नवलपरासी (बर्दघाट सुस्ता पश्चिम)-1,Parasi-1,नवलपरासी (बर्दघाट सुस्ता पश्चिम) क्षेत्र नं. 1,DECLARED,2026-06-30T21:28:05.771Z,77089,123072
Lumbini,Parasi,नवलपरासी (बर्दघाट सुस्ता पश्चिम),5-नवलपरासी (बर्दघाट सुस्ता पश्चिम)-2,Parasi-2,नवलपरासी (बर्दघाट सुस्ता पश्चिम) क्षेत्र नं. 2,DECLARED,2026-06-30T21:28:05.771Z,83456,131049
Karnali,Rukum West,रुकुम (पश्चिम भाग),6-रुकुम (पश्चिम भाग)-1,Rukum West-1,रुकुम (पश्चिम भाग) क्षेत्र नं. 1,DECLARED,2026-06-30T21:28:05.771Z,59523,106650
